Topic,Max_Probability,Document_ID,Abstract
0,0.6405,4046,"Large emissions of mercury (Hg) occur in the Amazon Basin as a result of gold mining activities. Mercury and aerosol particles were collected in the Amazon basin, as part of the SCAR-B - Smoke Clouds and Radiation - Brazil experiment in August and September 1995. Three airplanes were used to collect total mercury and aerosol particles. Sampling was performed with the University of Washington Lockheed C131A airplane, as well as in two Brazilian Bandeirante EMB 120 planes. Atmospheric mercury was sampled using two gold traps in series for each sampling line and measured with atomic fluorescence spectrometer (AFS). Aerosols were collected on Teflon and polycarbonate filters and analyzed by particle-induced X-ray emission (PIXE) for up to 20 elements, and by instrumental neutron activation analysis (INAA) for up to 39 elements. Absorbing aerosols expressed as black carbon (BC), and aerosol gravimetric mass were also determined. Sampling time was 2-4h. The sampling period was at the peak of the biomass burning season, when most of the Hg is emitted. Concentrations for total Hg in this study were as high as 14.8ngm-3. Factor analysis was performed for the combined (aerosol and Hg) data set and six factors were observed: A soil dust component; a biomass-burning factor (with fine mode mass concentration, BC, K, Cl, Zn and others); a natural biogenic component (P, K, S, Ca, Mn, Zn); a second soil dust factor (enriched in Si); a sea-salt aerosol component, with NaCl; and a factor related to gold mining activities, with Hg, Pb and other elements. Hg was also clearly associated with the biomass-burning component, in addition to the gold mining activities component. An average of 63% of the Hg concentrations was associated with the gold mining activities. About 31% of the Hg concentration was associated with the biomass-burning component, the soil dust accounted for 4% and the NaCl component for 2.1% of the airborne Hg concentrations. The high association between Hg and biomass burning can be caused by at least three mechanisms: (1)adsorption of gaseous Hg on existing biomass burning particles; (2)direct release of Hg from the vegetation to the atmosphere during forest burning; (3)evaporation of Hg from soil during the forest burning. Three-dimensional long-range air mass trajectory analyses show the possibility that Hg exits the Amazon Basin over two main routes: to the South Atlantic, and to the Tropical Pacific, over the Andes. Copyright (C) 2000 Elsevier Science Ltd.; Large emissions of Hg were observed in the Amazon Basin as a result of gold mining activities. Atmospheric Hg was sampled using two gold traps on series for each sampling line and measured with atomic fluorescence spectrometer. Absorbing aerosols expressed as black carbon and aerosol gravimetric mass were determined. Factor analysis was performed for the combined aerosol and Hg data set. Six factors were observed: soil dust component; biomass-burning factor; biogenic component; second soil dust factor; sea-salt aerosol component; and a factor related to mining activities."
1,0.8777,4056,"Particle size distribution measurements were performed during the AEROSOL field campaign and during INDOEX. A Tandem Differential Mobility Particle Sizer (TDMPS)-System was used to characterize the dry particle size distribution in the size range 3-800 nm. During the expedition, aerosol from biomass burning was transported from the African continent over the Ocean. The particle size distributions observed were statistically analyzed."
2,0.8653,4059,"Atmospheric particulate PAH concentrations were measured at two locations in Mumbai (formerly Bombay), India. Total PAH concentrations (seven compounds) at Saki Naka and Indian Institute of Technology (IIT) were 38.8 and 24.5ngm-3. Pyrene and benz(a)anthracene+chrysene were abundant at both sites while benzo(b)fluoranthene and benzo(k)fluoranthene were abundant, in addition, at the IIT site. The large amount of pyrene in the ambient samples in Mumbai is likely from cooking-fuel combustion (animal manure, kerosene and liquefied petroleum gas) in addition to vehicular emissions. Pyrene and chrysene are also emitted from industrial oil burning while the low concentrations of benzo(a)pyrene indicate that wood burning is not a significant source. At the IIT site, primarily vehicular emissions along with cooking fuel emissions are the likely contributors while industrial oil burning is an additional contributor at Saki Naka, accounting for the higher concentrations of pyrene and chrysene/benz(a)anthracene. In urban areas vehicular emissions are likely to be the primary contributor to PAH concentrations with additional local contributors like cooking fuel or industrial emissions. © 2000."
3,0.4369,1690,"We estimated associations between ambient air pollution, home environment and asthma as well as rhinitis among adults across China. A total of 40,279 young adults from eight Chinese cities participated in a questionnaire survey (participation rate 75%). There were questions on health and home environment. Information on city level gross domestic product (GDP) per capita, ambient temperature and PM10 and NO2 were collected from registers. Two-level logistic regression models were used to study health associations. Totally 1.6% reported asthma and 6.6% reported allergic rhinitis (AR). Higher temperature was associated with more asthma but less AR. Higher GDP was associated with less asthma but more AR. Higher degree of urbanization, higher level of NO2 and living near heavily trafficked road were risk factors for asthma and AR. Participants in older buildings reported more asthma. Redecoration and buying new furniture were related to more asthma and AR (OR = 1.15–1.91). Using natural gas (OR = 1.34) and biomass (OR = 1.35) for cooking were risk factors for AR. Burning mosquito coils and incense increased the risk of asthma and AR. Cat keeping (OR = 2.88), dog keeping (OR = 2.04), cockroaches (OR = 1.54) and rats or mice (OR = 1.46) were associated with asthma. Cockroaches increased the risk of AR (OR = 1.22). Air humidifier and air cleaner were linked to asthma and AR. Frequent cleaning and exposing bedding to sunshine were protective. In conclusion, urbanization, NO2 and traffic exhaust can increase the risk of adult asthma and AR. Higher ambient temperature was related to more asthma but less AR. Indoor animals such as cats, dogs, rats/mice and presence of cockroaches were associated with asthma or AR. Indoor chemical sources such as redecoration and new furniture were other risk factors. Cooking with natural gas or biomass and burning mosquito coils and incense were associated with asthma or AR. Frequent cleaning and exposing bedding to sunshine were protective. © 2020 The Authors"
4,0.5767,182,"The chemical composition and potential health risks linked to human exposure to ambient PM10 particles were assessed at the Winneba highway intersection (WHI) and Apam, a wood-burning neighbourhood in Ghana’s Central Region. PM10 particulates were collected using a Gent sampler equipped with a Gast pump and a stacked filter unit. The sampling was done three times a week continuously from July 2022 to June 2023, for 24 h. A smoke stain reflectometer and an Ag-anode X-ray tube spectrometer were used to analyse the samples for black carbon and elemental contents, respectively. The health hazards associated with trace elements were evaluated using the US EPA health risk assessment model. The study’s findings indicated that the amounts of Cr (250.5 ng/m3) and Ni (358.1 ng/m3) detected at Apam surpassed the US EPA threshold limits, as did the values discovered at the WHI, which were 78.63 and 178.2 ng/m3, respectively. PCA indicated that PM10 particles were produced at WHI by soil dust, vehicle exhaust, brake and tyre wear, and two-stroke engines, whereas biomass burning, soil dust, and vehicle exhaust emissions contributed to PM10 at Apam. The non-carcinogenic risks of children’s exposure to trace metals in PM10 via the three exposure pathways were higher compared to adults. The overall cancer risk values for exposure to carcinogenic trace metals from ingestion and dermal contact were more than 10−4, suggesting high cancer risks: 9.49 × 10−4–5.20 × 10−3 for children and 9.03 × 10−4–5.26 × 10−3 for adults. Reducing PM10 and the health concerns it poses requires the use of clean fuel and the adoption of environmentally friendly transportation. © 2024 Informa UK Limited, trading as Taylor & Francis Group."
5,0.7772,4087,"Airborne observations during August 1985 over Greenland and the North American Arctic revealed that dense, discrete haze layers were common above 850 mb. No such hazes were found near the surface in areas remote from local sources of particles. The haze layers aloft were characterized by large light-scattering coefficients due to dry particles (maximum value 1.24 × 10-4m-1) and relatively high total particle concentrations (maximum value 3100 cm-3). Sulfate was the dominant ionic component of the aerosol (0.06 - 1.9 μg m-3); carbon soot was also present. Evidence for relatively fresh aerosols, accompanied by NO2 and O3 depletion, was found near, but not within, the haze layers. The hazes probably derived from anthropogenic sources and/or biomass burning at midlatitudes. It is hypothesized that the scavenging of particles by stratus clouds plays an important role in reducing the frequency and intensity of hazes at the surface in the Arctic in summer. Since the detection of haze layers aloft through measurements of column-integrated parameters from the surface (e.g., by lidar) cannot be carried out reliably when clouds are present, such measurements have likely underestimated the occurrence of haze layers in the Arctic, particularly in summer. © 1989 Kluwer Academic Publishers."
6,0.4914,594,"As wildfires intensify and fire seasons lengthen across the western US, the development of models that can predict smoke plume concentrations and track wildfire-induced air pollution exposures has become critical. Wildfire smoke plume height is a key indicator of the vertical placement of plume mass emitted from wildfire-related aerosol sources in climate and air quality models. With advancements in Earth observation (EO) satellites, spaceborne products for aerosol layer height or plume injection height have recently emerged with increased global-scale spatiotemporal resolution. However, to evaluate column radiative effects and refine satellite algorithms, vertical profiles of regionally representative aerosol properties from wildfires need to be measured directly. In this study, we conducted the first comprehensive evaluation of four passive satellite remote-sensing techniques specifically designed for retrieving plume height. We compared these satellite products with the airborne Wyoming Cloud Lidar (WCL) measurements during the 2018 Biomass Burning Flux Measurements of Trace Gases and Aerosols (BB-FLUX) field campaign in the western US. Two definitions, namely, ""plume top""and ""extinction-weighted mean plume height"", were used to derive the representative heights of wildfire smoke plumes, based on the WCL-derived vertical aerosol extinction coefficient profiles. Using these two definitions, we performed a comparative analysis of multisource satellite-derived plume height products for wildfire smoke. We provide a discussion related to which satellite product is most appropriate for determining plume height characteristics near a fire event or estimating downwind plume rise equivalent height, under multiple aerosol loadings. Our findings highlight the importance of understanding the sensitivity of different passive remote-sensing techniques on space-based wildfire smoke plume height observations, in order to resolve ambiguity surrounding the concept of ""effective smoke plume height"". As additional aerosol-observing satellites are planned in the coming years, our results will inform future remote-sensing missions and EO satellite algorithm development. This bridges the gap between satellite observations and plume rise modeling to further investigate the vertical distribution of wildfire smoke aerosols.  © 2024 Copernicus Publications. All rights reserved."
7,0.8326,4064,"Aerosol samples for PM2.5 and PM10 (particulate matter with aerodynamic diameters less than 2.5 and 10 μm, respectively) were collected from 1993 to 1995 at five sites in Brisbane, a subtropical coastal city in Australia. This paper investigates the contributions of emission sources to PM2.5 and PM10 aerosol mass in Brisbane. Source apportionment results derived from the chemical mass balance (CMB), target transformation factor analysis (TTFA) and multiple linear regression (MLR) methods agree well with each other. The contributions from emission sources exhibit large variations in particle size with temporal and spatial differences. On average, the major contributors of PM10 aerosol mass in Brisbane include: soil/road side dusts (25% by mass), motor vehicle exhausts (13%, not including the secondary products), sea salt (12%), Ca-rich and Ti-rich compounds (11%, from cement works and mineral processing industries), biomass burning (7%), and elemental carbon and secondary products contribute to around 15% of the aerosol mass on average. The major sources of PM2.5 aerosols at the Griffith University (GU) site (a suburban site surrounded by forest area) are: elemental carbon (24% by mass), secondary organics (21%), biomass burning (15%) and secondary sulphate (14%). Most of the secondary products are related to motor vehicle exhausts, so, although motor vehicle exhausts contribute directly to only 6% of the PM2.5 aerosol mass, their total contribution (including their secondary products) could be substantial. This pattern of source contribution is similar to the results for Rozelle (Sydney) among the major Australian studies, and is less in contributions from industrial and motor vehicular exhausts than the other cities. An attempt was made to estimate the contribution of rural dust and road side dust. The results show that road side dusts could contribute more than half of the crustal matter. More than 80% of the contribution of vehicle exhausts arises from diesel-fuelled trucks/buses. Biomass burning, large contributions of crustal matter, and/or local contributing sources under calm weather conditions, are often the cause of the high PM10 episodes at the GU site in Brisbane.; The contributions of emission sources to PM2.5 and PM10 aerosol mass in Brisbane were investigated. Source apportionment was observed by using chemical mass balance (CMB), target transformation factor analysis (TTFA) and multiple linear regression methods. An attempt was also made to estimate the contribution of rural dust and road side dust. The results show that road side dusts could contribute more than half of the crustal matter. It was also found that biomass burning, large contributions of crustal matter, and/or local contributing sources under calm weather conditions, are often the cause of high PM10 episodes at the Griffith University (GU) site in Brisbane."
8,0.3073,661,"Reflection of solar radiation by tropical low-level clouds has an important cooling effect on climate and leads to decreases in surface temperatures. Still, the effect of pollution on ubiquitous tropical continental low-level clouds and the investigation of the related impact on atmospheric cooling rates are poorly constrained by in situ observations and modeling, in particular during the West African summer monsoon season. Here, we present comprehensive in situ measurements of microphysical properties of low-level clouds over tropical West Africa, measured with the Deutsches Zentrum für Luft- und Raumfahrt (DLR) aircraft Falcon 20 during the DACCIWA (Dynamics-Aerosol-Chemistry-Cloud Interactions in West Africa) campaign in June and July 2016. Clouds below 1800 m altitude, identified as boundary layer clouds, were classified according to their carbon monoxide (CO) pollution level into pristine and less polluted clouds (CO < 135 ppbv) and polluted low-level clouds (CO > 155 ppbv) as confirmed by the linear CO to accumulation aerosol number concentration correlation. Whereas slightly enhanced aerosol background levels from biomass burning were measured across the entire area, clouds with substantially enhanced aerosol levels were measured in the outflow of major coastal cities, as well as over rural conurbations in the hinterlands. Here we investigate the impact of pollution on cloud droplet number concentration and size during the West African monsoon season. Our results show that the cloud droplet number concentration (CDNC) measured in the size range from 3 to 50 μm around noon increases by 26 % in the elevated aerosol outflow of coastal cities and conurbations with elevated aerosol loadings from median CDNC of 240 cm-3 (52 to 501 cm-3 interquartile range) to 324 cm-3 (60 to 740 cm-3 interquartile range). Higher CDNC resulted in a 17 % decrease in effective cloud droplet diameter from a median deff of 14.8 μm to a deff of 12.4 μm in polluted clouds. Radiative transfer simulations show a non-negligible influence of higher droplet number concentrations and smaller particle sizes on the diurnally averaged (noon) net radiative forcing at the top of atmosphere of -3.9 Wm-2 (-16.3 Wm-2) of polluted with respect to less polluted clouds and lead to a change in instantaneous heating rates of -22.8 Kd-1 (-17.7 Kd-1) at the top of clouds. Thus, the atmospheric cooling by low-level clouds increases only slightly in the polluted case due to the already elevated background aerosol concentrations. Additionally, the occurrence of mid- and high-level cloud layers atop buffer this effect further, so that the net radiative forcing and instantaneous heating rate of low-level clouds turn out to be less sensitive towards projected future increases in anthropogenic pollution in West Africa.  © 2023 EandG Quaternary Science Journal. All rights reserved."
9,0.8826,1037,"Water-soluble aerosol organic matters (WSAOMs) produced by biomass pyrolysis/burning can penetrate subsurface environment, and are anticipated to have a profound effect on the fate of contaminants in aquatic ecosystems. Herein, WSAOMs derived from corn straw (CS-WSAOMs) and pinewood sawdust (PW-WSAOMs) pyrolysis at 300–900 °C were utilized to investigate their mobility characteristics and impacts on the transport of heavy metal ions (i.e., Cd2+) in saturated quartz sand with or without soil colloids. This study clearly demonstrated that WSAOMs in subsurface systems exhibited high mobility, which increased as WSAOMs molecular sizes decreased and hydrogen-bond interactions between WSAOMs and sand grains declined. WSAOMs significantly improved heavy metal (i.e., Cd2+) and soil colloid-mediated Cd2+ mobility in the porous media, which stemmed from the increased binding affinities of colloids toward metal ions and the high mobility of WSAOMs. Interestingly, in terms of the mobility and colloid-facilitated transport of Cd2+, WSAOMs from higher pyrolysis temperatures exhibited enhanced effects; meanwhile, the PW-WSAOMs demonstrated stronger effects than the CS-WSAOMs. The trends were mainly attributed to the differences in the metal-binding affinities (e.g., cation-π interactions) and transport abilities of WSAOMs, as well as diverse Cd2+ adsorption capacities of colloids induced by various WSAOMs. © 2022 Elsevier B.V."
10,0.3943,4081,"A new method of seeding convective clouds for the purpose of augmenting rainfall is being developed in South Africa. Flares that produce small salt particles (0.5-μm mean diameter) are attached to the trailing edge of the wings of seeding aircraft and ignited in updrafts below the cloud base of convective storms. This method of delivery overcomes most of the difficulties encountered in the handling and the use of hygroscopic materials, difficulties that made seeding with ice nuclei (AgI) a more attractive option. The research that has led to the development of this new technique was prompted by an encounter with a storm with dramatically altered microphysics that was growing over a Kraft paper mill in the research area. Hygroscopic seeding flares were subsequently developed, and seeding trials began in October 1990. Successful seeding trials quickly led to the design and execution of a randomized convective cloud-seeding experiment, the results of which show convincing evidence of increases in the radar-measured rain mass from seeded storms when compared to the control or unseeded storms. Heightened reflectivities aloft seen by the real-time storm-tracking software and observed in the exploratory analysis raises the possibility of developing a radar-measured seeding algorithm that can recognize in almost real time a successful convective seeding event. The implications of such a development would have far-reaching effects on the conduct of future convective cloud-seeding experiments and operations. The authors' seeding hypothesis postulates that the hygroscopic seeding at cloud base accelerates the growth of large hydrometeors in the treated clouds, which harvest more of the available supercooled water before it is expelled into the anvils by the strong updrafts that are a characteristic of the local storms, thereby increasing the efficiency of the rainfall process. The validity of this hypothesis is supported by microphysical measurements made from an instrumented Learjet and the results of the randomized experiment, both of which are supported by numerical condensation-coalescence calculations. There are also indications that the hygroscopic seeding may have an impact upon the dynamics of the treated storms, lengthening their lifetimes by strengthening the coupling of the updraft-downdraft storm propagation mechanism. The apparent sensitivity of rainfall in convective clouds to the aerosol concentration, size, and chemical content may have climatic implications. Higher concentrations of small aerosols produced by pollution, biomass burning, etc., could adversely affect the efficiency of the rainfall process. The negative consequences of this effect would be magnified in regions that depend upon convective storms to provide the bulk of their annual rainfall."
11,0.6866,4008,"The 1997 Indonesia forest fires was an environmental disaster of exceptional proportions. Such a disaster caused massive transboundary air pollution and indiscriminate destruction of biodiversity in the world. The immediate consequence of the fires was the production of large amounts of haze in the region, causing visibility and health problems within Southeast Asia. Furthermore, fires of these magnitudes are potential contributors to global warming and climate change due to the emission of large amounts of greenhouse gases and other pyrogenic products.The long-range transport of fire-related haze in the region is investigated using trajectories from the CSIRO Division of Atmospheric Research Limited Area Model (DARLAM). Emission scenarios were constructed for hotspot areas in Sumatra and Kalimantan for the months of September and October 1997 to determine the period and fire locations most critical to Singapore. This study also examines some transport issues raised from field observations. Results show that fires in the coastal areas of southeast Sumatra and southwest Kalimantan can be potential contributors to transboundary air pollution in Singapore. Singapore was directly affected by haze from these areas whereas Kuala Lumpur was heavily affected by the haze coming from Sumatra. In most cases, Singapore was more affected by fires from Kalimantan than was Kuala Lumpur. This was mainly a result of the shifting of monsoons. The transition of monsoons resulted in weaker low-level winds and shifted convergence zones near to the southeast of Peninsular Malaysia. In addition to severe drought and massive fire activity in 1997, the timing of the monsoon transition has a strong influence on haze transport in the region. Copyright © 2001 Elsevier Science Ltd."
12,0.9423,440,"This work is focused on the temporal characterization of equivalent Black Carbon (eBC) mass concentrations and their sources in a suburban station notably impacted by traffic, located in the metropolitan area of Valencia, Spain (western Mediterranean Sea). The average (± standard deviation) concentrations of fossil fuel (eBCff) and biomass burning (eBCbb) contributions were 0.9 ± 0.5 μgm−3 and 0.06 ± 0.05 μgm−3, respectively. These values represent the anthropogenic character of local aerosols. Both contributions also show a very marked seasonality: higher values in winter and lower in summer, corresponding to the strong dependence of the atmospheric conditions. The eBCff concentrations exhibit a daily pattern consistent with the evolution of traffic: a morning peak (around 8 LT) and other in the evening (around 19 LT). The seasonal Mann–Kendall test was applied to identify long-term trends and the Sen slope estimation to quantify the annual variation. Decreasing trends were found for eBCff concentrations (−0.023 μgm−3/yr), showing the effectiveness of air quality regulations. Less noticeable trends were found for eBCbb concentrations. This fact evidences the contribution of biomass burning is not only related to changes in anthropogenic emissions, but also to natural phenomena, making it more difficult to interpret long-term trends. © 2025 Turkish National Committee for Air Pollution Research and Control"
13,0.6026,4030,"The Indian Ocean Experiment (INDOEX) was an international, multiplatform field campaign to measure long-range transport of air pollution from South and Southeast Asia toward the Indian Ocean during the dry monsoon season in January to March 1999. Surprisingly high pollution levels were observed over the entire northern Indian Ocean toward the Intertropical Convergence Zone at about 6°S. We show that agricultural burning and especially biofuel use enhance carbon monoxide concentrations. Fossil fuel combustion and biomass burning cause a high aerosol loading. The growing pollution in this region gives rise to extensive air quality degradation with local, regional, and global implications, including a reduction of the oxidizing power of the atmosphere."
14,0.9874,1347,"Nitrate (NO3−) has been the dominant ion of secondary inorganic aerosols (SIAs) in PM2.5 in North China. Tracking the formation mechanisms and sources of particulate nitrate are vital to mitigate air pollution. In this study, PM2.5 samples in winter (January 2020) and in summer (June 2020) were collected in Jiaozuo, China, and water-soluble ions and (δ15N, δ18O)-NO3− were analyzed. The results showed that the increase of NO3− concentrations was the most remarkable with increasing PM2.5 pollution level. δ18O-NO3− values for winter samples (82.7‰ to 103.9‰) were close to calculated δ18O-HNO3 (103‰ ± 0.8‰) values by N2O5 pathway, while δ18O-NO3− values (67.8‰ to 85.7‰) for summer samples were close to calculated δ18O-HNO3 values (61‰ ± 0.8‰) by OH oxidation pathway, suggesting that PM2.5 nitrate is largely from N2O5 pathway in winter, while is largely from OH pathway in summer. Averaged fractional contributions of PN2O5+H2O were 70% and 39% in winter and summer sampling periods, respectively, those of POH were 30% and 61%, respectively. Higher δ15N-NO3− values for winter samples (3.0‰ to 14.4‰) than those for summer samples (-3.7‰ to 8.6‰) might be due to more contributions from coal combustion in winter. Coal combustion (31% ± 9%, 25% ± 9% in winter and summer, respectively) and biomass burning (30% ± 12%, 36% ± 12% in winter and summer, respectively) were the main sources using Bayesian mixing model. These results provided clear evidence of particulate nitrate formation and sources under different PM2.5 levels, and aided in reducing atmospheric nitrate in urban environments. © 2021"
15,0.5427,4071,"Black carbon samples were collected and analysed in real‐time with an aethalometer in two different source regions. Experiments took place at Gif sur Yvette in the Paris region, heavily polluted by atmospheric inputs from fossil fuel combustions and at Lamto, during the dry season, a savanna site in the Ivory Coast primarily contaminated by biomass burning pollutants. At both sites, black carbon concentrations are high, pointing out the intensity of the various combustion sources prevailing in these regions. At Gif sur Yvette, the Cb aerosol content is highly variable (concentrations are included in the range 0.3–15 μgC.m−3), reflecting either variable meteorological patterns or automotive rush hours. At Lamto, during a season with established meteorological parameters, there is an important and regular background of biomass burning. Indeed, Cb concentrations display a low variability in the range of 1–4 μgC.m−3 which is easily related to atmospheric relative humidity which seems to govern the development of bush fires. © 1992 Taylor and Francis Group, LLC."
16,0.6408,4003,"FOS/DECAFE 91 (Fire of Savannas/Dynamique et Chimie Atmosphérique en Forêt Equatoriale) was the first multidisciplinary experiment organized in Africa to determine gas and aerosol emissions by prescribed savanna fires. The humid savanna of Lamto in Ivory Coast was chosen for its ecological characteristics representative of savannas with a high biomass density (≈900 g m-2 dry matter). Moreover the vegetation and the climate of Lamto have been studied for more than twenty years. The emission ratios (ΔX/ΔCO2) of the carbon compounds (CO2, CO, NMHC, CH4, PAH, organic acids and aerosols), nitrogen compounds (NOx, N2O, NH3 and soluble aerosols) and sulfur compounds (SO2, COS and aerosols) were experimentally determined by ground and aircraft measurements. To perform this experiment, 4 small plots (100×100 m) and 2 large areas (10×10 km) were prepared and burnt in January 1991 during the period of maximum occurrence of fires in this type of savanna. The detailed ecological study shows that the carbon content of the vegetation is constant within 1% (42 g C for 100 g of vegetal dry matter), the nitrogen content (0.29 g N for 100 g of dry matter) may vary by 10% and the sulfur content (0.05 g S/100 d.m.) by 20%. These variations of the biomass chemical content do not constitute an important factor in the variation of the gas and particle emission levels. With the emission ratios characteristic of humid savanna and flaming conditions (ΔCO/ΔCO2 of 6.1% at the ground and 8% for airborne measurements), we propose a set of new emission factors, taking into account the burning efficiency which is about 80%: 74.4% of the carbon content of the savanna biomass is released to the atmosphere in the form of CO2, 4.6% as CO, 0.2% as CH4, 0.5% as NMHC and 0.7% as aerosols. 17.2% of the nitrogen content of the biomass is released as NOx, 3.5% as N2O, 0.6% as NH3 and 0.5% as soluble aerosols. © 1995 Kluwer Academic Publishers."
17,0.3778,1593,"Levoglucosan, an anhydrosaccharide, is commonly used as an organic tracer for biomass burning, but has also been identified from coal smoke particulate matter (PM) including lignites. Here we showed that stable carbon isotope analysis specifically of levoglucosan may be one possible way to determine the relative contributions from coal combustion versus biomass burning sources. PM samples were collected from low-temperature burning/smoldering of Miocene lignites from Poland and basket willow (Salix viminalis L.) representative of biomass. The calculated levoglucosan δ13C values of xylites varied from −23.6 to −21.6‰, while for detritic coal samples they ranged from −24.2 to −23.1‰, with means of −22.7 and −23.7‰, respectively. The calculated levoglucosan δ13C value of basket willow wood was −27.1‰. Values of willow wood mixtures with xylite varied from −25.8 to −23.4‰ (with an increasing proportion of xylite), while values of mixtures of willow and detritic coal ranged from −26.9 to −24.6‰ (with an increasing proportion of detritic coal). The δ13C values for the mixtures changed proportionally to the contents of individual components with R2 = 0.88 and 0.89 for willow with xylite and detritic coal, respectively. The hopanoid distributions characteristic for low-temperature lignite/peat burning, with a predominance of 22R-α,β-homohopane, ββ-hopanes and hopenes, as well as low or very low values of the homohopane index, were observed in smoke PM from most lignite samples and absent in the basket willow sample. Thus, the relatively high content of hopanes (with the occurrence of 22R-α,β-homohopane, ββ-hopanes and hopenes) in atmospheric PM samples can be treated as additional tracers of lignite combustion. © 2020 The Authors"
18,0.8646,4035,"In optical analysers devoted to the analysis of atmospheric black carbon concentration, the specific attenuation cross-section, σ is the factor used to convert the attenuation of a light beam due to the absorption of aerosols deposited on a filter into their black carbon content. We have tried to gain further insight for a suitable choice of sigma value, using both optical analysis (with an aethalometer) and thermal analysis of black carbon aerosols and comparison of the two sets of results. Samples which were investigated originate from varying environments, including suburban areas, tropical areas where biomass burning was prevalent and from more remote locations. In a given type of atmospheric environment, σ values are found to be constant. However, σ displays an important variability (range: 5-20 m2 g-1) which may be related to the variability of the aerosol mix (internal or external mixture) and the aging of the atmospheric particulate phase. Our results quote unambiguously the need for a modulated calibration of optical analysers depending on the type of atmospheric environments which are studied. They suggest the need to reconsider carefully the black carbon data obtained at remote locations. © 1993."
19,0.8124,4082,"Measurements of 210Po and 210Pb activities in surface air at Lamto (Ivory Coast) during 18 months are presented and discussed in relation to the regional sources of 210Po. High seasonal variation is observed with maximum in winter, reaching an activity of 210Po as high as 1 Bq per 103 m3. Our estimation shows that the high 210Po activity in winter is not closely related to the local biomass burning emissions but rather due to the particular atmospheric circulation patterns and geographical location of this region: in winter, surface winds having continental origin bring soil dusts, enriched in 210Po and 210Pb, from Sahara desert. However, biomass burning and the growth from 222Rn within the atmosphere appear to be the major sources of unsupported 210Po in the other seasons."
20,0.8657,4103,"Chemical profiles for particle emissions are needed for source apportionment studies using the chemical mass balance (CMB) receptor model. Source measurements of geological sources, motor vehicle exhaust, vegetative burning (e.g. asparagus, field burning, charbroil cooking), and industrial sources (e.g. oil-fueled glass plant, manure-fueled power plants) were acquired as part of the Imperial/Mexicali Valley Cross Border PM10 Transport Study in 1992. Six different source sampling techniques (i.e. hot- and diluted-exhaust sampling, ground-based source sampling, particle sweeping/grab sampling, vacuum sampling, and laboratory resuspension sampling) were applied to acquire filter samples of PM2.5 and PM10 (particulate matter with aerodynamic diameters <2.5 and 10 μm, respectively). Filter samples were analyzed for mass by gravimetry, elements (Na to U) by X-ray fluorescence, anions (Cl-, NO3-, SO4=) by ion chromatography, ammonium (NH4+) by automated colorimetry, soluble sodium (Na+) and potassium (K+) by atomic absorption spectrophotometry, and organic and elemental carbon (OC, EC) by thermal/optical reflectance. Concentration data were acquired for a total of ∼50 chemical species. Elevated abundances of crustal components (Al, Si, K, Ca, Fe) from geological material, carbon (OC, EC) and trace elements (Br, Pb) from vehicle exhausts, carbon (OC, EC) and ions (K+, Cl-) from vegetative burning, ions (SO4=, NH4+, Na+, K+, Cl-) and elements (Cl, Se) from a manure-fueled power plants, and sulfur and trace elements (Na+, Pb, Se, Ni, V) from an oil-fueled glass plant were found in the resulting source profiles. Abundances of crustal species (e.g. Al, Si, Ca) in the Imperial/Mexicali Valley geological profiles are more than twice those found in central and southern California. Abundances of lead in motor vehicle exhausts indicate different vehicle fleets in border cities. Emission profiles from field burning and charbroil cooking specific to the border area show that a majority (>60%) of emissions are comprised of carbon, with high organic to total carbon ratios (0.93 to 0.97). Abundances of sulfate and ammonium account for nearly 60% of the manure-fueled power plant's emissions. Elevated levels of metals (Na+, Pb, Cd, Se) and byproducts of petroleum combustion (S, Ni, V) were found in the oil-fueled glass plant's emissions. Copyright © 2001 Elsevier Science B.V."
21,0.7255,4024,"Emissions of nitrogen oxides (NO(x), the sum of NO and NO2) from fossil-fuel burning dominate the NO(x) burden of the lower troposphere in many regions. These emissions increase tropospheric ozone and hydroxyl- radical concentrations over their natural 'background' levels, thereby increasing the oxidizing power of the atmosphere. Fossil-fuel emissions of NO(x) (refs 3, 4) account for about half of the global NO(x) source to the atmosphere; other significant sources are from biomass burning, soil emissions, aircraft exhausts and lightning, all primarily continental. However, ocean-going ships burning fossil fuels may also contribute a significant fraction (>10%) to global NO(x) production. Here we use NO(x) emission data and a high-resolution chemistry-transport model to estimate that ship NO(x) emissions result in a more than 100-fold increase in surface NO(x) concentrations in heavily traversed ocean regions. This enhancement has a notable effect on modelled surface ozone and hydroxyl-radical concentrations. In particular, a predicted fivefold increase in the July hydroxyl-radical burden over the northern Atlantic and Pacific oceans would be expected to reduce the atmospheric lifetimes of reactive greenhouse gases- such as methane-as well as to increase aerosol production rates and cloud reflectivities, therefore exerting a cooling influence on the climate.; Emissions of nitrogen oxides (NOx, the sum of NO and NO2) from fossil-fuel burning dominate the NOx burden of the lower troposphere in many regions. These emissions increase tropospheric ozone and hydroxyl-radical concentrations over their natural `background' levels, thereby increasing the oxidizing power of the atmosphere. Fossil-fuel emissions of NOx (refs 3, 4) account for about half of the global NOx source to the atmosphere; other significant sources are from biomass burning, soil emissions, aircraft exhausts and lightning, all primarily continental. However, ocean-going ships burning fossil fuels may also contribute a significant fraction (>10%) to global NOx production. Here we use NOx emission data and a high-resolution chemistry-transport model to estimate that ship NOx emissions result in a more than 100-fold increase in surface NOx concentrations in heavily traversed ocean regions. This enhancement has a notable effect on modelled surface ozone and hydroxyl-radical concentrations. In particular, a predicted fivefold increase in the July hydroxyl-radical burden over the northern Atlantic and Pacific oceans would be expected to reduce the atmospheric lifetimes of reactive greenhouse gases - such as methane - as well as to increase aerosol production rates and cloud reflectivities, therefore exerting a cooling influence on the climate."
22,0.8719,4101,"Agricultural waste burning is a widespread practice throughout the world but there is little information about its pollutant impact. This paper deals with a preliminary study of the pollution observed in Vitoria (Northern Spain) caused by cereal waste burning. The mean hourly flux of pollutants produced by cereal waste burning fires can reach values of 1.4kt of CO2, 13t of TPM and 3t of NOx in the area around Vitoria. Measurements obtained in the area of emission and inside fire plumes show high ratios (NO2/NOx) indicating that nitrogen oxides emitted by the source undergo a rapid transformation in the same area of emission. Results relating to aerosol composition collected in Vitoria during burning periods show an increase in the concentration of K+, NO3- and Cl- ions, that are inter-correlated. The modification of the ionic composition of aerosols also affects the chemistry of the rain collected in Vitoria. During the burning period, it is particularly noticeable that anthropogenic pollution (usually identifiable by the correlation between SO42- and NO3- concentrations) disappears, indicating the existence of an independent source of NO3- not linked to the SO42- source. Similar results were deduced studying BAPMON data collected in Spain during cereal waste burning. Finally, we note that ozone concentration measured at Vitoria is not affected by the pollution generated by the burning fires. Copyright © 2001 Elsevier Science B.V."
23,0.3455,1231,"As governments forced electricity producers to use more renewable energy sources, over a hundred thermal power plants in high-income countries turned to biomass as a partial or complete replacement for coal. Is the co-firing technology appropriate for Vietnam? To assess the technology we build an integrated model simulating the economics, environmental and social implications of blending 5% of rice straw in two existing coal power plants in Vietnam. The business value of co-firing is positive –straw is cheaper than coal– but not large enough to motivate the stakeholders. The external social benefit of co-firing –reduced air-borne pollution– are several times larger than the business value. Within that external benefit, the social value of avoided PM2.5 and NOx emissions dominates the social value of avoided CO2 emissions. The net job creation effect is positive: collecting straw creates more employment than using less coal destroys. This is the first technology assessment of co-firing biomass in coal power plants in Vietnam and one of the first for a subtropical middle-income country. The study only considers rice straw, and it does not address the role of government nor the biomass market functioning. The price of coal is the primary determinant of co-firing business value. There is an empirical economic justification for a public intervention to promote co-firing biomass in Vietnam, mainly as a way to reduce open-field straw burning. Local air quality goals, rather than greenhouse gas reduction policy, can justify such regulations. © 2021 Elsevier Ltd"
24,0.2491,1076,"The COVID-19 pandemic lockdown supposedly provided a ‘window’ of reinstatement to natural resources including the air quality, but the scenario after the phased unlocking is yet to be explored. Consequently, here we evaluated the status of air quality during the 8th phase of unlocking of COVID-19 lockdown (January 2021) at three locations of North India. The first site (S1) was located at Punjab Agricultural University, Ludhiana-PPCB; the second site (S2) at Yamunapuram, Bulandshahr-UPPCB; and the third site (S3) at Okhla Phase-2, Delhi-DPCC. The levels of PM2.5 showed a significant increase of 525.2%, 281.2%, and 185.0% at sites S1, S2 and S3, respectively in the unlock 8 (January 2021), in comparison to its concentration in the lockdown phase. Coherently, the levels of PM10 also showed a prominent increase of 284.5%, 189.1%, and 103.9% at sites S3, S1, and S2, respectively during the unlock 8 as compared to its concentration in the lockdown phase. This rise in the concentration of PM2.5 and PM10 could be primarily attributed to the use of biomass fuel, industrial and vehicular emissions, stubble burning considering the agricultural activities at sites S1 and S2. Site S3 is a major industrial hub and has the highest population density among all three sites. Consequently, the maximum increase (295.7%) in the NO2 levels during the unlock 8 was witnessed at site S3. The strong correlation between PM2.5, PM10, and CO, along with the PM2.5/PM10 ratio confirmed the similar origin of these pollutants at all the three sites. The improvements in the levels of air quality during the COVID-19 lockdown were major overtaken during the various phases of unlocking consequent to the initiation of anthropogenic processes. © 2021 Elsevier Inc."
25,0.9183,4078,"Measurements of ozone (O3) and aerosol distributions were made with an airborne lidar system in the Arctic and sub-Arctic during July-August 1988 as part of the NASA Global Tropospheric Experiment/Arctic Boundary Layer Expedition (ABLE 3A). The tropospheric composition at high latitudes was found to be strongly influenced by stratospheric intrusions. Regions of low-aerosol scattering and enhanced O3 mixing ratios were correlated with descending air from the lower stratosphere. Ozone mixing ratios of 80 ppbv at 6km were common with vertical O3 gradients of over 11 ppbv km-1 observed across the base of strong intrusions. In the mixed layer over the tundra, O3 was in the 25-35 ppbv range with a gradient of 5.5 ppbv km-1, while in continental polar air masses, the average gradient in the lower troposphere was 7.4 ppbv km-1, indicating more downward transport of O3 at higher latitudes. Due to many forest fires that year, plumes from biomass burning sources were observed on several flights over Alaska. Pollution plumes from industrial sources were infrequently observed; however, a few large plumes were found over the North Pacific with greatly enhanced aerosol scattering and with O3 levels exceeding 75 ppbv. -from Authors"
26,0.8077,4075,"During the continuous monitoring of atmospheric parameters at the station Cape Point (34°S, 18°E), a smoke plume originating from a controlled fire of 30-yr-old fynbos was observed on 6 May 1997. For this episode, which was associated with a nocturnal inversion and offshore airflow, atmospheric parameters (solar radiation and meteorological data) were considered and the levels of various trace gases compared with those measured at Cape Point in maritime air. Concentration maxima in the morning of 6 May for CO2, CO, CH4 and O3 amounted to 370.3ppm, 491ppb, 1730ppb and 47ppb, respectively, whilst the mixing ratios of several halocarbons (F-11, F-12, F-113, CCl4 and CH3CCl3) remained at background levels. In the case of CO, the maritime background level for this period was exceeded by a factor of 9.8. Differences in ozone levels of up to 5ppb between air intakes at 4 and 30m above the station (located at 230m above sea level) indicated stratification of the air advected to Cape Point during the plume event. Aerosols within the smoke plume caused the signal of global solar radiation and UV-A to be attenuated from 52.4 to 13.0mWcm-2 and from 2.3 to 1.3mWcm-2, respectively, 5h after the trace gases had reached their maxima. Emission ratios (ERs) calculated for CO and CH4 relative to CO2 mixing ratios amounted to 0.042 and 0.0040, respectively, representing one of the first results for fires involving fynbos. The CO ER is somewhat lower than those given in the literature for African savanna fires (average ER=0.048), whilst for CH4 the ER falls within the range of ERs reported for the flaming (0.0030) and smouldering phases (0.0055) of savanna fires. Non-methane hydrocarbon (NMHC) data obtained from a grab sample collected during the plume event were compared to background levels. The highest ERs (ΔNMHC/ΔCH4) have been obtained for the C2-C3 hydrocarbons (e.g. ethene at 229.3pptppb-1), whilst the C4-C7 hydrocarbons were characterised by the lowest ERs (e.g. n-hexane at 1.0 and n-pentane at 0.8pptppb-1). Copyright (C) 2001 Elsevier Science Ltd.; During the continuous monitoring of atmospheric parameters at the station Cape Point (34°S, 18°E), a smoke plume originating from a controlled fire of 30-yr-old fynbos was observed on 6 May 1997. For this episode, which was associated with a nocturnal inversion and offshore airflow, atmospheric parameters (solar radiation and meteorological data) were considered and the levels of various trace gases compared with those measured at Cape Point in maritime air. Concentration maxima in the morning of 6 May for CO2, CO, CH4 and O3 amounted to 370.3 ppm, 491 ppb, 1730 ppb and 47 ppb, respectively, whilst the mixing ratios of several halocarbons (F-11, F-12, F-113, CCl4 and CH3CCl3) remained at background levels. In the case of CO, the maritime background level for this period was exceeded by a factor of 9.8. Differences in ozone levels of up to 5 ppb between air intakes at 4 and 30 m above the station (located at 230 m above sea level) indicated stratification of the air advected to Cape Point during the plume event. Aerosols within the smoke plume caused the signal of global solar radiation and UV-A to be attenuated from 52.4 to 13.0 mW cm-2 and from 2.3 to 1.3 mW cm-2, respectively, 5 h after the trace gases had reached their maxima. Emission ratios (ERs) calculated for CO and CH4 relative to CO2 mixing ratios amounted to 0.042 and 0.0040, respectively, representing one of the first results for fires involving fynbos. The CO ER is somewhat lower than those given in the literature for African savanna fires (average ER = 0.048), whilst for CH4 the ER falls within the range of ERs reported for the flaming (0.0030) and smouldering phases (0.0055) of savanna fires. Non-methane hydrocarbon (NMHC) data obtained from a grab sample collected during the plume event were compared to background levels. The highest ERs (ΔNMHC/ΔCH4) have been obtained for the C2-C3 hydrocarbons (e.g. ethene at 229.3 ppt ppb-1), whilst the C4-C7 hydrocarbons were characterized by the lowest ERs (e.g. n-hexane at 1.0 and n-pentane at 0.8 ppt ppb-1)."
27,0.7841,102,"Organic aerosols (OA) constitute a large portion of atmospheric aerosols. The detailed sources of OA, especially precursors and formation processes of secondary OA (SOA) in megacities remain unclear, largely due to lack of molecular composition. We characterized the molecular composition of OA using online extractive electrospray ionization time-of-flight mass spectrometer in winter Shanghai. Eleven OA sources were identified using Positive Matrix Factorization (PMF), combined with gas-phase organic precursors and other auxiliary measurements. We identified a plasticizer-related OA source and a primary biomass burning OA source containing likely oxidation products of biogenic volatile organic compounds (VOCs). SOA from photo-oxidation and aged biomass burning contributed substantially (~48%) to OA and dominated in SOA. Possible precursors of photo-oxidation SOA included aromatics and oxygenated VOCs. The nighttime oxidation of aldehydes and ketones by NO3 radicals were important sources of SOA. Aqueous SOA derived from aged biomass burning emissions also contributed markedly to OA. Our results here highlight the previously under-appreciated sources and formation processes of OA in megacities, improving our understanding of OA sources and providing support for more accurate air pollution control strategies. © The Author(s) 2025."
28,0.8212,4016,"Atmospheric aerosol particles in urban and mountain areas around Lhasa city (29.65°N, 91.13°E) in the Tibetan Plateau were collected in the summers of 1998 and 1999. The particles were analyzed with electron microscopes and an energy dispersive X-ray spectrometer. Individual particle morphology, elemental composition and mixture of sulfate and nitrate were investigated. In the urban area, soot particles emitted from vegetation burning were dominant. These particles were characterized by chain or aggregate morphologies, and an elemental composition of potassium and sulfur. Such particles were frequently detected in mountain areas out of the city, where they formed droplets acting as condensation nuclei. Quantitative estimation indicated that sulfur was accumulated onto the soot particles during their dispersion from the urban area to mountain areas. Sulfate and nitrate detections indicated that soot particles collected in the urban area did not contain nitrate and BaCl2-reactive sulfate, which revealed that the combination of sulfur and potassium in the particles was not K2SO4. In contrast, the particles dispersed to mountain areas contained BaCl2-reactive sulfate and some contained nitrate, suggesting that soot particles emitted from the urban area could increase the buffering capacity of aerosol particles and enhance the formation of particulate sulfate through heterogeneous conversion in the Tibetan atmosphere. Copyright © 2001 Elsevier Science Ltd."
29,0.8894,4093,"Asian aerosols in elevated layers over the Pacific Ocean were sampled with NASA wire-impactors and a FSSP optical particle spectrometer-probe aboard the NASA DC-8 aircraft in early March 1994. Strong variations in aerosol properties, primarily aerosol concentration, lead to derived mid-visible extinctions between 0.003 and 0.5/km. FSSP data usually identified two size-modes. The larger 'coarse mode' (radii of 1-3 μm) was assumed to be dust. The composition of the smaller 'accumulation mode' (radii of 0.1-0.3 μm) was based on the analysis of the wire-impactor samples, as significant amounts of soot reduce mid-visible single scattering albedos to the 0.87-0.92 range. Radiative forcing simulations investigated the impact of Asian outflow aerosol on atmospheric radiative fluxes and heating rates. Only events with larger optical depths were important. In those events the solar attenuation of the smaller size mode dominated the net-flux losses at the surface, with values similar those of urban-polluted and/or biomass burning aerosol types (as observed during the TARFOX and INDOEX field experiments). In contrast, changes to net-fluxes at the top of the atmosphere (ToA) for outflow cases are less negative - primarily due to the added greenhouse effect of the dust component. For the climate of the Earth-Atmosphere-System, ToA net-flux losses are considered a cooling, ToA net-flux gains are associated with warming. Weak cooling is determined for the Asian outflow cases under cloud-free conditions. The addition of a reported 50% cloud cover below the aerosol layer causes a switch to slight warming. © 2001 Elsevier Science Ltd. All rights reserved."
30,0.9739,458,"Background Elevated exposures to fine particulate matter (PM2·5) air pollution threaten child health and development. Kerosene and biomass cooking fuels are a source of PM2·5 in sub-Saharan Africa. Potential impacts on child cognitive and neurobehavioral development require investigation. Methods In a cross-sectional observational study, September 2021 − March 2023, we assessed cognitive and neurobehavioral development in 208 Nigerian seven-year-old children using the performance-based KABC-II (neurocognition) and two parent questionnaires: VABS-3 (adaptive behavior) and SDQ (psychological adjustment). We collected data on sociodemographic covariates. We conducted 48-hour PM2·5 (µg/m3) exposure monitoring twice using two RTI MicroPEM™ sensors: indoor (in-home) and personal (body-worn). We examined the relationship between mean PM2·5 exposures and child developmental assessment scores using multiple linear regression, adjusting for child’s age and sex, mother/caregiver’s age and education, and household wealth. Findings A two-fold increase in mean personal PM2·5 exposures was associated with 3·04-unit lower (95 % CI: −4·62, −1·46; p < 0·001) KABC-II scores and 2·18-unit lower (95 % CI: −4·79, 0·43; p = 0·10) VABS-3 scores, after adjustment for covariates. Children in households using clean fuels scored higher on both assessments, although the differences were not significant after adjustment. Those in households using exclusively polluting fuel had lower KABC-II scores after adjustment (−4·07, 95 % CI: −8·12, −0·02; p = 0·049). We found no associations between PM2·5 levels or fuel types and SDQ scores. Interpretation Elevated personal PM2·5 exposures during middle childhood are associated with lower developmental assessment scores in Nigerian seven-year-old children. Household use of polluting cooking fuels contributes to these exposures. © 2025 The Author(s)."
31,0.4539,1979,"Because of fast-paced industrialization, urbanization, and population growth in Indonesia, there are serious health issues in the country resulting from air pollution. This study uses geospatial modelling technologies, namely land-use regression (LUR), geographically weighted regression (GWR), and geographic and temporal weighted regression (GTWR) models, to assess variations in particulate matter (PM10) and nitrogen dioxide (NO2) concentrations in Surabaya City, Indonesia. This is the first study to implement spatiotemporal variability of air pollution concentrations in Surabaya City, Indonesia. To develop the prediction models, air pollution data collected from seven monitoring stations from 2010 to 2018 were used as dependent variables, while land-use/land cover allocations within a 250 m to 5000 m circular buffer range surrounding the monitoring stations were collected as independent variables. A supervised stepwise variable selection procedure was applied to identify the important predictor variables for developing the LUR, GWR, and GTWR models. The developed models of LUR, GWR, and GTWR accounted for 49%, 50%, and 51% of PM10 variations and 46%, 47%, and 48% of NO2 variations, respectively. The GTWR model performed better (R2 = 0.51 for PM10 and 0.48 for NO2) than the other two models (R2 = 0.49–0.50 for PM10 and 0.46–0.47 for NO2), LUR and GWR. In the PM10 model four predictor variables, public facility, industry and warehousing, paddy field, and normalized difference vegetation index (NDVI), were selected during the variable selection procedure. Meanwhile, paddy field, residential area, rainfall, and temperature played important roles in explaining NO2 variations. Because of biomass burning issues in South Asia, the paddy field, which has a positive correlation with PM10 and NO2, was selected as a predictor. By using long-term monitoring data to establish prediction models, this model may better depict PM10 and NO2 concentration variations within areas across Asia. © 2020 by the authors. Licensee MDPI, Basel, Switzerland."
32,0.709,4038,"A factor analysis-multiple regression (FA-MR) model has been used for a source apportionment study in the Tokyo metropolitan area. By a varimax rotated factor analysis, five source types could be identified: refuse incineration, soil and automobile, secondary particles, sea salt and steel mill. Quantitative estimations using the FA-MR model corresponded to the calculated contributing concentrations determined by using a weighted least-squares CMB model. However, the source type of refuse incineration identified by the FA-MR model was similar to that of biomass burning, rather than that produced by an incineration plant. The estimated contributions of sea salt and steel mill by the FA-MR model contained those of other sources, which have the same temporal variation of contributing concentrations. This symptom was caused by a multicollinearity problem. Although this result shows the limitation of the multivariate receptor model, it gives useful information concerning source types and their distribution by comparing with the results of the CMB model. In the Tokyo metropolitan area, the contributions from soil (including road dust), automobile, secondary particles and refuse incineration (biomass burning) were larger than industrial contributions: fuel oil combustion and steel mill. However, since vanadium is highly correlated with SO42- and other secondary particle related elements, a major portion of secondary particles is considered to be related to fuel oil combustion. © 1990."
33,0.6463,4049,"Recent evidence has suggested that woodsmoke exposure in developed countries is associated with acute and chronic health impacts. Accordingly, it is increasingly important to investigate the much higher woodsmoke exposures associated with the use of wood and other biomass for cooking and heating in developing countries. Particulate concentrations were measured in rural Mexican kitchens using biomass combustion for cooking. To investigate differences in indoor particle concentrations between kitchens using different fuels and stove types, measurements were made in eight kitchens using only biomass, six using only liquefied petroleum gas (LPG), six using a combination of biomass and LPG, and three using biomass in ventilated stoves. Outdoor samples were collected at the same time as the indoor samples. PM10 and PM2.5 measurements were made with inertial impactors, and particle light scattering was measured continuously with an integrating nephelometer. Nephelometer and particulate mass measurements were highly correlated (r2 of 0.9 and 0.83 for PM2.5 and PM10, respectively), indicating that the light scattering measurements could be used to estimate short-term concentrations. PM10 and PM2.5 concentrations (mean concentrations of 768 and 555 μg m-3, respectively) in the kitchens burning only biomass were greater than in all other types (biomass > biomass + LPG > ventilated > LPG > outdoor). A similar trend was evident for the indoor/outdoor concentration ratio. Based on the short-term measurements estimated from the nephelometer data, PM10 and PM2.5 cooking period average and 5-min peak concentrations were significantly higher (p < 0.05) in kitchens using only biomass than in those using LPG, a combination of LPG and biomass, or a ventilated biomass stove.; Recent evidence has suggested that woodsmoke exposure in developed countries is associated with acute and chronic health impacts. Particulate concentrations were measured in rural Mexican kitchens using biomass combustion for cooking. To investigate differences in indoor particle concentrations between kitchens using different fuels and stove types, measurements were made in eight kitchens using only biomass, six using only liquefied petroleum gas (LPG), six using a combination of biomass and LPG, and three using biomass in ventilated stoves. Outdoor samples were collected at the same time as the indoor samples. PM10 and PM2.5 measurements were made with inertial impactors, and particle light scattering was measured continuously with an integrating nephelometer. PM10 and PM2.5 concentrations (mean concentrations of 768 and 555 μg m-3, respectively) in the kitchens burning only biomass were greater than in all other types (biomass > biomass + LPG > ventilated > LPG > outdoor). A similar trend was evident for the indoor/outdoor concentration ratio. Based on the short-term measurements estimated from the nephelometer data, PM10 and PM2.5 cooking period average and 5-min peak concentrations were significantly higher (p < 0.05) in kitchens using only biomass than in those using LPG, a combination of LPG and biomass, or a ventilated biomass stove."
34,0.8829,4007,"Regional haze from biomass burning in SE Asia is a recurring air pollution phenomenon with a potential impact on the health of several hundred million people. Air quality data in Brunei Darussalam during the 1998 haze episode revealed that only particulate matter is a significant pollutant. The WHO guideline of 70 μg m-3 for PM10(24 h average) was exceeded on 54 days during the haze episode which lasted from 1 February to 30 April 1998. Concentrations of SO2, NO2, and O3 were all below WHO guidelines and the 8 h guideline for CO was exceeded on only seven occasions. Average daily PM10 concentrations were below 450 μg m-3 but concentrations greater than 600 μg m-3 persisted for several hours at a time and total exposure to such high concentrations could add up to several days over the course of a haze episode. Airborne particles exhibited diurnal variation, typically rising through the night to very high levels in the early morning and thereafter decreasing due largely to meteorological factors. The pollutant standards index (PSI), widely used to report urban air quality, may not be suitable for haze from forest fires as it does not take into account short-term exposure to extremely high particle concentrations of up to 1 mg m-3."
35,0.7566,1578,"<p>Large wildfires exert strong disturbance on regional and global climate systems and ecosystems by perturbing radiative forcing as well as the carbon and water balance between the atmosphere and land surface, while short- and long-term variations in fire weather, terrestrial ecosystems, and human activity modulate fire intensity and reshape fire regimes. The complex climate-fire-ecosystem interactions were not fully integrated in previous climate model studies, and the resulting effects on the projections of future climate change are not well understood. Here we use the fully interactive REgion-Specific ecosystem feedback Fire model (RESFire) that was developed in the Community Earth System Model (CESM) to investigate these interactions and their impacts on climate systems and fire activity. We designed two sets of decadal simulations using CESM-RESFire for present-day (2001-2010) and future (2051-2060) scenarios, respectively, and conducted a series of sensitivity experiments to assess the effects of individual feedback pathways among climate, fire, and ecosystems. Our implementation of RESFire, which includes online land-atmosphere coupling of fire emissions and fire-induced land cover change (LCC), reproduces the observed aerosol optical depth (AOD) from space-based Moderate Resolution Imaging Spectroradiometer (MODIS) satellite products and ground-based AErosol RObotic NETwork (AERONET) data; it agrees well with carbon budget benchmarks from previous studies. We estimate the global averaged net radiative effect of both fire aerosols and fire-induced LCC at <span classCombining double low line""inline-formula""><math xmlnsCombining double low line""http://www.w3.org/1998/Math/MathML"" idCombining double low line""M1"" displayCombining double low line""inline"" overflowCombining double low line""scroll"" dspmathCombining double low line""mathml""><mrow><mo>-</mo><mn mathvariantCombining double low line""normal"">0.59</mn><mo>±</mo><mn mathvariantCombining double low line""normal"">0.52</mn></mrow></math><span><svg:svg xmlns:svgCombining double low line""http://www.w3.org/2000/svg"" widthCombining double low line""64pt"" heightCombining double low line""10pt"" classCombining double low line""svg-formula"" dspmathCombining double low line""mathimg"" md5hashCombining double low line""81225efbee53d3fa37673b300b31505a""><svg:image xmlns:xlinkCombining double low line""http://www.w3.org/1999/xlink"" xlink:hrefCombining double low line""acp-20-995-2020-ie00001.svg"" widthCombining double low line""64pt"" heightCombining double low line""10pt"" srcCombining double low line""acp-20-995-2020-ie00001.png""/></svg:svg></span></span>&thinsp;W&thinsp;m<span classCombining double low line""inline-formula"">-2</span>, which is dominated by fire aerosol-cloud interactions (<span classCombining double low line""inline-formula""><math xmlnsCombining double low line""http://www.w3.org/1998/Math/MathML"" idCombining double low line""M3"" displayCombining double low line""inline"" overflowCombining double low line""scroll"" dspmathCombining double low line""mathml""><mrow><mo>-</mo><mn mathvariantCombining double low line""normal"">0.82</mn><mo>±</mo><mn mathvariantCombining double low line""normal"">0.19</mn></mrow></math><span><svg:svg xmlns:svgCombining double low line""http://www.w3.org/2000/svg"" widthCombining double low line""64pt"" heightCombining double low line""10pt"" classCombining double low line""svg-formula"" dspmathCombining double low line""mathimg"" md5hashCombining double low line""e6f571c6171863e014b049d815ae960f""><svg:image xmlns:xlinkCombining double low line""http://www.w3.org/1999/xlink"" xlink:hrefCombining double low line""acp-20-995-2020-ie00002.svg"" widthCombining double low line""64pt"" heightCombining double low line""10pt"" srcCombining double low line""acp-20-995-2020-ie00002.png""/></svg:svg></span></span>&thinsp;W&thinsp;m<span classCombining double low line""inline-formula"">-2</span>), in the present-day scenario under climatological conditions of the 2000s. The fire-related net cooling effect increases by <span classCombining double low line""inline-formula"">ĝ1/4170</span>&thinsp;% to <span classCombining double low line""inline-formula""><math xmlnsCombining double low line""http://www.w3.org/1998/Math/MathML"" idCombining double low line""M6"" displayCombining double low line""inline"" overflowCombining double low line""scroll"" dspmathCombining double low line""mathml""><mrow><mo>-</mo><mn mathvariantCombining double low line""normal"">1.60</mn><mo>±</mo><mn mathvariantCombining double low line""normal"">0.27</mn></mrow></math><span><svg:svg xmlns:svgCombining double low line""http://www.w3.org/2000/svg"" widthCombining double low line""64pt"" heightCombining double low line""10pt"" classCombining double low line""svg-formula"" dspmathCombining double low line""mathimg"" md5hashCombining double low line""b35b7b37838dbc67785d3c8c2a132cdb""><svg:image xmlns:xlinkCombining double low line""http://www.w3.org/1999/xlink"" xlink:hrefCombining double low line""acp-20-995-2020-ie00003.svg"" widthCombining double low line""64pt"" heightCombining double low line""10pt"" srcCombining double low line""acp-20-995-2020-ie00003.png""/></svg:svg></span></span>&thinsp;W&thinsp;m<span classCombining double low line""inline-formula"">-2</span> in the 2050s under the conditions of the Representative Concentration Pathway 4.5 (RCP4.5) scenario. Such considerably enhanced radiative effect is attributed to the largely increased global burned area (<span classCombining double low line""inline-formula"">+19</span>&thinsp;%) and fire carbon emissions (<span classCombining double low line""inline-formula"">+100</span>&thinsp;%) from the 2000s to the 2050s driven by climate change. The net ecosystem exchange (NEE) of carbon between the land and atmosphere components in the simulations increases by 33&thinsp;% accordingly, implying that biomass burning is an increasing carbon source at short-term timescales in the future. High-latitude regions with prevalent peatlands would be more vulnerable to increased fire threats due to climate change, and the increase in fire aerosols could counter the projected decrease in anthropogenic aerosols due to air pollution control policies in many regions. We also evaluate two distinct feedback mechanisms that are associated with fire aerosols and fire-induced LCC, respectively. On a global scale, the first mechanism imposes positive feedbacks to fire activity through enhanced droughts with suppressed precipitation by fire aerosol-cloud interactions, while the second one manifests as negative feedbacks due to reduced fuel loads by fire consumption and post-fire tree mortality and recovery processes. These two<span idCombining double low line""page996""/> feedback pathways with opposite effects compete at regional to global scales and increase the complexity of climate-fire-ecosystem interactions and their climatic impacts.</p>. © 2020 Copernicus GmbH. All rights reserved."
36,0.7848,1787,"<p>Aerosols from biomass burning (BB) emissions are poorly constrained in global and regional models, resulting in a high level of uncertainty in understanding their impacts. In this study, we compared six BB aerosol emission datasets for 2008 globally as well as in 14 regions. The six BB emission datasets are (1) GFED3.1 (Global Fire Emissions Database version 3.1), (2) GFED4s (GFED version 4 with small fires), (3) FINN1.5 (FIre INventory from NCAR version 1.5), (4) GFAS1.2 (Global Fire Assimilation System version 1.2), (5) FEER1.0 (Fire Energetics and Emissions Research version 1.0), and (6) QFED2.4 (Quick Fire Emissions Dataset version 2.4). The global total emission amounts from these six BB emission datasets differed by a factor of 3.8, ranging from 13.76 to 51.93&thinsp;Tg for organic carbon and from 1.65 to 5.54&thinsp;Tg for black carbon. In most of the regions, QFED2.4 and FEER1.0, which are based on satellite observations of fire radiative power (FRP) and constrained by aerosol optical depth (AOD) data from the Moderate Resolution Imaging Spectroradiometer (MODIS), yielded higher BB aerosol emissions than the rest by a factor of 2-4. By comparison, the BB aerosol emissions estimated from GFED4s and GFED3.1, which are based on satellite burned-area data, without AOD constraints, were at the low end of the range. In order to examine the sensitivity of model-simulated AOD to the different BB emission datasets, we ingested these six BB emission datasets separately into the same global model, the NASA Goddard Earth Observing System (GEOS) model, and compared the simulated AOD with observed AOD from the AErosol RObotic NETwork (AERONET) and the Multiangle Imaging SpectroRadiometer (MISR) in the 14 regions during 2008. In Southern Hemisphere Africa (SHAF) and South America (SHSA), where aerosols tend to be clearly dominated by smoke in September, the simulated AOD values were underestimated in almost all experiments compared to MISR, except for the QFED2.4 run in SHSA. The model-simulated AOD values based on FEER1.0 and QFED2.4 were the closest to the corresponding AERONET data, being, respectively, about 73&thinsp;% and 100&thinsp;% of the AERONET observed AOD at Alta Floresta in SHSA and about 49&thinsp;% and 46&thinsp;% at Mongu in SHAF. The simulated AOD based on the other four BB emission datasets accounted for only <span classCombining double low line""inline-formula"">ĝ1/450</span>&thinsp;% of the AERONET AOD at Alta Floresta and <span classCombining double low line""inline-formula"">ĝ1/420</span>&thinsp;% at Mongu. Overall, during the biomass burning peak seasons, at most of the selected AERONET sites in each region, the AOD values simulated with QFED2.4 were the highest and closest to AERONET and MISR observations, followed closely by FEER1.0. However, the QFED2.4 run tends to overestimate AOD in the region of SHSA, and the QFED2.4 BB emission dataset is tuned with the GEOS model. In contrast, the FEER1.0 BB emission dataset is derived in a more model-independent fashion and is more physically based since its<span idCombining double low line""page970""/> emission coefficients are independently derived at each grid box. Therefore, we recommend the FEER1.0 BB emission dataset for aerosol-focused hindcast experiments in the two biomass-burning-dominated regions in the Southern Hemisphere, SHAF, and SHSA (as well as in other regions but with lower confidence). The differences between these six BB emission datasets are attributable to the approaches and input data used to derive BB emissions, such as whether AOD from satellite observations is used as a constraint, whether the approaches to parameterize the fire activities are based on burned area, FRP, or active fire count, and which set of emission factors is chosen.</p>. © 2020 Copernicus GmbH. All rights reserved."
37,0.7258,1901,"To investigate the sources and formation mechanisms of carbonaceous aerosols, a major contributor to severe particulate air pollution, radiocarbon (14C) measurements were conducted on aerosols sampled from November 2015 to November 2016 in Xi'an, China. Based on the 14C content in elemental carbon (EC), organic carbon (OC) and waterinsoluble OC (WIOC), contributions of major sources to carbonaceous aerosols are estimated over a whole seasonal cycle: primary and secondary fossil sources, primary biomass burning, and other non-fossil carbon formed mainly from secondary processes. Primary fossil sources of EC were further sub-divided into coal and liquid fossil fuel combustion by complementing 14C data with stable carbon isotopic signatures. The dominant EC source was liquid fossil fuel combustion (i.e., vehicle emissions), accounting for 64 % (median; 45 %-74 %, interquartile range) of EC in autumn, 60 % (41 %-72 %) in summer, 53 % (33 %-69 %) in spring and 46 % (29 %-59 %) in winter. An increased contribution from biomass burning to EC was observed in winter (∼ 28 %) compared to other seasons (warm period; ∼ 15 %). In winter, coal combustion (∼ 25 %) and biomass burning equally contributed to EC, whereas in the warm period, coal combustion accounted for a larger fraction of EC than biomass burning. The relative contribution of fossil sources to OC was consistently lower than that to EC, with an annual average of 47 ± 4 %. Non-fossil OC of secondary origin was an important contributor to total OC (35 ± 4 %) and accounted for more than half of non-fossil OC (67 ± 6 %) throughout the year. Secondary fossil OC (SOCfossil) concentrations were higher than primary fossil OC (POCfossil) concentrations in winter but lower than POCfossil in the warm period. Fossil WIOC and water-soluble OC (WSOC) have been widely used as proxies for POCfossil and SOCfossil, respectively. This assumption was evaluated by (1) comparing their mass concentrations with POCfossil and SOCfossil and (2) comparing ratios of fossil WIOC to fossil EC to typical primary OC-to-EC ratios from fossil sources including both coal combustion and vehicle emissions. The results suggest that fossil WIOC and fossil WSOC are probably a better approximation for primary and secondary fossil OC, respectively, than POCfossil and SOCfossil estimated using the EC tracer method. © 2019 Author(s)."
38,0.7541,4066,"An ecologically nationwide and all-year-round domestic biofuel: Consumption study was conducted in Zimbabwe from January 1996 to March 1997. The study aimed at (a) establishing the determinants and magnitudes of spatial and temporal variations in biofuel consumption rates, (b) estimating the overall mean national rural and urban consumption rates, and (c) estimating the contribution of domestic biomass burning in Zimbabwe to the emission of atmospheric trace gases. The main source Of spatial variation in biofuel consumption rates was found to be settlement type (rural or urban). Within a settlement type, per capita consumption rates varied in time and space with household size, ambient temperature, and physical availability. In rural areas wood and agricultural residues were consumed at national average rates of 1.3 ± 0.2 and 0.07 ± 0.01 tonnes capita-1 year-1, respectively. In urban centres wood was consumed at an average rate of 0.4 ± 0.26 tonnes capita-1 year-1. These consumption rates translate into emission outputs from Zimbabwe of 4.6 Tg CO2-C year-1, 0.4 Tg CO-C year-1 5.3 Gg NO-N year-1, 14.5 Gg CH4-C year-1, 24.2 Gg NMHC-C year-1, 2.9 Gg organic acid-C year-1 (formic and acetic acids) and 48.4 Gg aerosol-C year-1. For CO2, CO, and NO, these domestic biofuel emissions represent 41 ± 6%, 67 ± 6%, and 8 ± 1% respectively, of the total output of all sources evaluated and documented in Zimbabwe to date. This means that of the studied sources, domestic biomass burning is the major source of CO2 and CO emission in Zimbabwe.; An ecologically nationwide and all-year-round domestic biofuel consumption study was conducted in Zimbabwe from January 1996 to March 1997. The study aimed at (a) establishing the determinants and magnitudes of spatial and temporal variations in biofuel consumption rates, (b) estimating the overall mean national rural and urban consumption rates, and (c) estimating the contribution of domestic biomass burning in Zimbabwe to the emission of atmospheric trace gases. The main source of spatial variation in biofuel consumption rates was found to be settlement type (rural or urban). Within a settlement type, per capita consumption rates varied in time and space with household size, ambient temperature, and physical availability. In rural areas wood and agricultural residues were consumed at national average rates of 1.3±0.2 and 0.07±0.01 tonnes capita-1 year-1, respectively. In urban centres wood was consumed at an average rate of 0.4±0.26 tonnes capita-1 year-1. These consumption rates translate into emission outputs from Zimbabwe of 4.6 Tg CO2-C year-1, 0.4 Tg CO-C year-1, 5.3 Gg NO-N year-1, 14.5 Gg CH4-C year-1, 24.2 Gg NMHC-C year-1 2.9 Gg organic acid-C year-1 (formic and acetic acids) and 48.4 Gg aerosol-C year-1. For CO2, CO, and NO, these domestic biofuel emissions represent 41±6%, 67±6%, and 8±1%, respectively, of the total output of all sources evaluated and documented in Zimbabwe to date. This means that of the studied sources, domestic biomass burning is the major source of CO2 and CO emission in Zimbabwe."
39,0.2597,419,"Over the past decades, the Chinese government has implemented various efficient policy-driven measures to control urban air pollution. While the urban particulate matter has decreased rapidly, forest background sites lack long-term observational data. This study examines the spatiotemporal variation of aerosol optical depth (AOD) and Ångström Exponent (AE) at six forest background sites from 2004 to 2022. From 2011 to 2013, AOD increased at Beijing Dongling Mt. (0.01), Gongga Mt. (0.03), Dinghu Mt. (0.24) and Xishuangbanna forest (0.04), while at Changbai Mt. (0.01) decreased slightly. AE increased at GGM (0.01), DHM (0.08), and BNF (0.24), decreased at CBF (0.06) and BJF (0.55). Between 2014 and 2017, AOD decreased at CBF (0.03), Shennongjia (0.07), GGM (0.01), DHM (0.06), and BNF (0.03), while BJF (0.04) increased. AE decreased at CBF (0.16), SNJ (0.47) and BNF (0.18); conversely, increased at BJF (0.01) and GGM (0.42). From 2018 to 2022, AOD decreased at BJF (0.04), DHM (0.03) and BNF (0.15), while GGM (0.01) showed a slight increase. AE increased at CBF (0.42) and DHM (0.53) but decreased at BJF (0.39), GGM (0.06) and BNF (0.36). Seasonal analysis revealed high AOD in spring at northern sites due to dust, and in dry seasons at southern regions linked to biomass burning. Regional comparison indicated an increase in AOD and AE from north to south, with stronger AOD-water vapor correlation in northern region. The research provides valuable insights into the effectiveness of China's air quality policies, offering baseline data for future air quality assessments. © 2025 Elsevier B.V."
